name,n_spec,ra,dec,instr,gratings,is_remnant,has_uv,classification
LMC-SN1987A-STIS-2,203,83.86735,-69.26968,STIS,G140L;G140M;G230L;G430L;G430M;G750L;G750M,False,True,EXT-STAR;SUPERNOVA TYPE II
SN2023IXF,133,210.91065,54.31169,COS;STIS,G140L;G230L;G230LB;G430L;G750L;G750M,False,True,EXT-STAR;SUPERNOVA TYPE II
SN2010JL,72,145.72221,9.49503,COS;STIS,G130M;G140L;G160M;G230L;G230LB;G430L,False,True,STAR;SUPERNOVA;SUPERNOVA TYPE II
PTF11KLY,58,210.77422,54.27371,STIS,G140L;G230L;G230LB;G430L;G750L,False,True,EXT-STAR;SUPERNOVA TYPE IA
M82-SN,45,148.92522,69.67397,STIS,G230L;G430L;G750L,False,True,STAR;SUPERNOVA TYPE IA
PTF12GZK,36,333.17304,0.51197,STIS,G230L;G430L;G750L,False,True,STAR;SUPERNOVA
SN1998S,34,176.52575,47.48208,STIS,E230M;G140L;G230L;G430L,False,True,EXT-STAR;SUPERNOVA TYPE II
SN-2005IP,32,143.02675,8.44567,STIS,G140L;G230L,False,True,EXT-STAR;SUPERNOVA;SUPERNOVA TYPE II
ASASSN14LP,32,191.28792,-0.45903,STIS,G230L;G430L;G750L,False,True,EXT-STAR;SUPERNOVA TYPE IA
PSN07,32,114.066,-69.50686,STIS,G230L;G430L;G750L,False,True,EXT-STAR;SUPERNOVA TYPE IA
SN2013DY,32,334.57333,40.56932,STIS,G230L;G430L;G750L,False,True,EXT-STAR;SUPERNOVA TYPE IA
TESS-SN,30,189.13861,11.23168,COS;STIS,G130M;G160M;G230L;G230LB;G430L,False,True,STAR;SUPERNOVA
SNNGC4414,28,186.62188,31.22718,STIS,G230L;G430L;G750L,False,True,STAR;SUPERNOVA TYPE IB
SN2022HRS-HV,28,190.89312,11.57667,STIS,G230L;G430L;G750L,False,True,EXT-STAR;SUPERNOVA TYPE IA
ZTF21AAABWZX,24,235.79745,17.8131,STIS,G140L;G230L,False,True,EXT-STAR;SUPERNOVA;SUPERNOVA TYPE IA
SN2026AYT,24,141.84746,-32.00858,STIS,G140L;G230L;G430L,False,True,EXT-STAR;SUPERNOVA TYPE II
SN2009IP,24,335.78446,-28.94789,COS;STIS,G130M;G140L;G160M;G230L;G230LB;G430L;G750L,False,True,EXT-STAR;SUPERNOVA
PSNJ0338,24,54.71365,-35.59216,STIS,G230L;G430L;G750L,False,True,EXT-STAR;SUPERNOVA TYPE IA
SN2021YJA,23,51.08823,-21.56562,STIS,G230LB;G430L;G750L,False,True,EXT-STAR;SUPERNOVA
SN2002AP,23,24.09946,15.75367,STIS,G140L;G230L;G230LB;G430L,False,True,EXT-STAR;SUPERNOVA TYPE II
PSN2037+6607,22,309.35667,66.11995,STIS,G230L;G430L;G750L,False,True,EXT-STAR;SUPERNOVA
SN1993J-STIS,22,148.85426,69.0205,COS;STIS,G140L;G230L,False,True,STAR;SUPERNOVA TYPE II
SN2022WSP,22,345.01474,15.97851,STIS,G230L;G430L;G750L,False,True,EXT-STAR;SUPERNOVA
SN1999EM,20,70.36275,-2.86269,STIS,E140M;E230M;G140L;G230L;G430L,False,True,EXT-STAR;SUPERNOVA TYPE II
LZSNIAN3,18,56.12746,-44.63984,STIS,G430L;G750L,False,False,EXT-STAR;SUPERNOVA TYPE IA
SN2021FXY,18,198.2565,-19.51253,STIS,G230L;G430L,False,True,EXT-STAR;SUPERNOVA TYPE IA
SN2017ERP,18,227.31176,-11.33418,STIS,G230L;G430L,False,True,EXT-STAR;SUPERNOVA TYPE IA
LZSNIAN4,18,103.99985,55.40076,STIS,G430L;G750L,False,False,EXT-STAR;SUPERNOVA TYPE IA
SNNGC4414,17,186.61993,31.2265,STIS,G230L,False,True,STAR;SUPERNOVA TYPE IB
SN2025TIS,17,58.84491,-28.15908,STIS,G140L;G230L;G430L,False,True,EXT-STAR;SUPERNOVA;SUPERNOVA TYPE II
N132D-KNOT,16,81.27296,-69.63722,COS,G130M;G160M,False,True,EXT-STAR;SUPERNOVA TYPE IB
SN2010AL,14,123.56629,18.43839,COS;STIS,G140L;G230LB;G430L;G750L,False,True,EXT-STAR;SUPERNOVA;SUPERNOVA TYPE II
AT2022ACKO,13,49.91237,-19.39524,STIS,G140L;G230L,False,True,EXT-STAR;SUPERNOVA TYPE II
SN2013DH,12,232.50454,12.98694,STIS,G230L;G430L;G750L,False,True,STAR;SUPERNOVA TYPE IA
SNAT2018AGK,12,197.65161,-4.48574,STIS,G230L;G430L;G750L,False,True,EXT-STAR;SUPERNOVA
SN2001EH,10,24.55042,41.65522,STIS,G140L;G230L;G430L,False,True,EXT-STAR;SUPERNOVA
SN2003GD,10,24.17771,15.73914,STIS,E140M,False,False,STAR;SUPERNOVA TYPE II
SN2001EP,10,74.25108,-4.76117,STIS,G140L;G230L;G430L,False,True,STAR;SUPERNOVA
SN2002XX,10,344.37788,-41.04053,STIS,E140M;G230L;G430L,False,True,STAR;SUPERNOVA
SN2014C,10,339.2733,34.4089,COS;STIS,G140L;G230LB;G430L,False,True,STAR;SUPERNOVA;SUPERNOVA TYPE IB
SN2016CCJ,10,257.59988,26.3969,STIS,G230L;G430L,False,True,EXT-STAR;SUPERNOVA;SUPERNOVA TYPE IA
PTF10YGU,10,144.37624,23.15933,STIS,G230LB;G430L,False,True,EXT-STAR;SUPERNOVA TYPE IA
SN-MRK1309,10,179.43517,-10.17103,STIS,G230L;G430L;G750L,False,True,STAR;SUPERNOVA;SUPERNOVA TYPE IA
SN2011DH,9,202.52115,47.16977,STIS,G230L;G230LB;G430L;G750L,False,True,EXT-STAR;SUPERNOVA
SN2012CG,8,186.80335,9.42028,STIS,G230LB;G430L,False,True,EXT-STAR;SUPERNOVA TYPE IA
SN2024XRX,8,22.70854,25.91596,STIS,G230LB;G430L;G750L,False,True,STAR;SUPERNOVA TYPE II
SN2011EK,7,36.45371,18.53333,STIS,G230L;G430L,False,True,EXT-STAR;SUPERNOVA TYPE IA
SN2011BY,7,178.93983,55.32606,STIS,G230L;G430L,False,True,EXT-STAR;SUPERNOVA TYPE IA
NSNF4,6,122.10975,12.33226,STIS,G230L;G430L,False,True,EXT-STAR;SUPERNOVA TYPE IA
AT2025NQF,6,328.32471,-2.23826,STIS,G230LB;G430L;G750L,False,True,STAR;SUPERNOVA
PTF12ENA,6,206.75736,33.89303,STIS,G230LB,False,True,EXT-STAR;SUPERNOVA TYPE IA
AT2020NXT,6,339.40098,35.00213,STIS,G140L;G230L,False,True,STAR;SUPERNOVA TYPE IB
ZTF25ABVBCZT,6,53.03325,41.59599,STIS,G230LB;G430L;G750L,False,True,EXT-STAR;SUPERNOVA
AT-2023TSV,6,129.37301,-0.04325,STIS,G140L;G230L,False,True,STAR;SUPERNOVA
SN-2025SHI,6,342.17616,27.58278,STIS,G140L;G230L,False,True,EXT-STAR;SUPERNOVA
PTF11KLY,6,210.77539,54.27974,STIS,G230LB;G430L;G750L,False,True,EXT-STAR;SUPERNOVA TYPE IA
LSQ15ABL,6,145.12296,-4.19225,COS;STIS,G140L;G230L,False,True,EXT-STAR;SUPERNOVA
SN2025AFCR,6,189.67406,7.61047,COS;STIS,G140L;G230L;G430L,False,True,EXT-STAR;SUPERNOVA
SN2024GGI,6,169.59203,-32.83758,STIS,G140L;G230L,False,True,EXT-STAR;SUPERNOVA;SUPERNOVA TYPE II
SN2025XAZ,6,53.70815,-9.84249,STIS,G230LB;G430L;G750L,False,True,STAR;SUPERNOVA TYPE IA
SN-UG8189,6,196.44014,46.46476,STIS,G230LB,False,True,EXT-STAR;SUPERNOVA TYPE IA
AT2025JQJ,6,339.565,-24.90506,STIS,G230LB;G430L;G750L,False,True,STAR;SUPERNOVA
SN2012BL,6,305.98041,-48.35472,STIS,G230LB,False,True,EXT-STAR;SUPERNOVA TYPE IA
ZTF21AAKILYD,4,216.59217,5.85924,COS;STIS,G140L;G230L,False,True,EXT-STAR;SUPERNOVA
2025RYZ,4,332.18696,-27.8536,STIS,G230LB;G430L;G750L,False,True,EXT-STAR;SUPERNOVA
2025WHV,4,350.12721,12.24173,STIS,G230LB;G430L;G750L,False,True,EXT-STAR;SUPERNOVA
AT2024WPP,4,40.52285,-16.9564,COS;STIS,G140L;G230L,False,True,STAR;SUPERNOVA;X-RAY TRANSIENT
SN2012ET,4,355.6617,27.0921,STIS,G230LB;G430L,False,True,EXT-STAR;SUPERNOVA TYPE IA
GAIA16APD,4,180.71543,44.25761,COS;STIS,G140L;G230L,False,True,EXT-STAR;SUPERNOVA
ZTF24ABYMEET,4,336.50658,37.60207,STIS,G230LB;G430L;G750L,False,True,STAR;SUPERNOVA TYPE II
AT2021JAD,4,83.34242,-21.95182,STIS,G230L;G430L;G750L,False,True,EXT-STAR;SUPERNOVA TYPE IA
LZSNIAN1,4,216.57077,26.24887,STIS,G430L,False,False,EXT-STAR;SUPERNOVA TYPE IA
2022MOX,4,203.68687,33.88975,STIS,G230L;G430L;G750L,False,True,EXT-STAR;SUPERNOVA TYPE IA
STAR-1503-4159,4,225.72158,-41.98825,STIS,E140M,True,False,STAR;SDO;SUPERNOVA;SUPERNOVA TYPE IA;;ISM;SNR;ABSORPTION LINE SYSTEM - GALACTIC
AT2021ZFW,4,322.907,11.83295,STIS,G230L;G430L;G750L,False,True,EXT-STAR;SUPERNOVA TYPE IA
AT2021DOV,4,134.07795,-0.44214,STIS,G230L;G430L;G750L,False,True,EXT-STAR;SUPERNOVA TYPE IA
2024RYV,4,6.37496,20.24303,STIS,G230LB;G430L;G750L,False,True,STAR;SUPERNOVA TYPE II
SN2024ISS,4,194.77558,28.81185,STIS,G230LB;G430L;G750L,False,True,STAR;SUPERNOVA TYPE II
SN2024PSO,4,3.09013,17.79419,STIS,G230LB;G430L;G750L,False,True,STAR;SUPERNOVA TYPE II
SN2023GFT,4,321.5055,-3.79824,STIS,G230L;G430L;G750L,False,True,EXT-STAR;SUPERNOVA TYPE IA
2024TVI,4,348.79492,-27.91512,STIS,G230LB;G430L;G750L,False,True,STAR;SUPERNOVA TYPE II
AT2023IUC,4,219.73188,2.28726,COS;STIS,G140L;G230L,False,True,STAR;SUPERNOVA
SN2017CBV,4,218.14351,-44.13408,STIS,G230L;G230LB,False,True,STAR;SUPERNOVA TYPE IA
SN2024FAQ,4,236.124,40.35655,STIS,G230LB;G430L;G750L,False,True,STAR;SUPERNOVA TYPE II
SN2024BCH,4,155.45725,56.9279,STIS,G230LB;G430L;G750L,False,True,STAR;SUPERNOVA TYPE II
SN2023BEE,4,134.0485,-3.32553,STIS,G230L;G430L;G750L,False,True,EXT-STAR;SUPERNOVA TYPE IA
2025NGI,4,318.04583,-57.27157,STIS,G230LB;G430L;G750L,False,True,EXT-STAR;SUPERNOVA
2026OBC,3,16.95594,41.99538,STIS,G140L;G230L,False,True,EXT-STAR;SUPERNOVA
AT2020YVU,3,345.24933,40.91063,STIS,G230L;G430L;G750L,False,True,EXT-STAR;SUPERNOVA TYPE IA
AT2021J,3,186.61263,31.22239,STIS,G230L;G430L;G750L,False,True,EXT-STAR;SUPERNOVA TYPE IA
SN2024ADMM,3,54.02835,-5.17503,STIS,G230LB;G430L;G750L,False,True,STAR;SUPERNOVA
LZSNIAN2,3,174.50733,-32.33072,STIS,G430L,False,False,EXT-STAR;SUPERNOVA TYPE IA
ZTF21ACKXDOS,3,177.02896,-12.64494,COS;STIS,G130M;G160M;G230LB,False,True,STAR;SUPERNOVA TYPE II
SN2025ADJ,3,224.93531,51.46305,STIS,G230LB;G430L;G750L,False,True,STAR;SUPERNOVA;SUPERNOVA TYPE II
SN2011HT,3,152.04413,51.84922,STIS,G140L;G230L;G230M,False,True,EXT-STAR;SUPERNOVA TYPE II
AT2025SCW,3,17.86324,-38.08144,STIS,G230LB;G430L;G750L,False,True,STAR;SUPERNOVA
AT2022EYW,3,190.99988,62.33008,STIS,G230L;G430L;G750L,False,True,EXT-STAR;SUPERNOVA TYPE IA
AT2020UXZ,3,21.02869,12.92148,STIS,G230L;G430L;G750L,False,True,EXT-STAR;SUPERNOVA TYPE IA
SN2021HIZ,3,186.42367,7.22839,STIS,G230L;G430L;G750L,False,True,EXT-STAR;SUPERNOVA TYPE IA
SN2025BCO,3,198.93043,-0.47185,STIS,G230LB;G430L;G750L,False,True,STAR;SUPERNOVA TYPE II
SN2017EGM,3,154.77342,46.45393,COS;STIS,G140L;G230L;G430L,False,True,EXT-STAR;SUPERNOVA
SN2018BSZ,3,242.41296,-32.06267,COS;STIS,G140L;G230L,False,True,EXT-STAR;SUPERNOVA
ASASSN-15LH,3,330.56425,-61.65964,COS;STIS,G140L;G230L;G430L,False,True,EXT-STAR;SUPERNOVA
SN-2006GY,2,49.3631,41.40522,STIS,G430L;G750L,False,False,STAR;SUPERNOVA;SUPERNOVA TYPE II
SN1961V,2,40.90199,37.34522,STIS,G430M;G750M,False,False,EXT-STAR;SUPERNOVA TYPE II
NSNF3,2,163.84363,-7.65346,STIS,G230L;G430L,False,True,EXT-STAR;SUPERNOVA TYPE IA
NSNF5,2,210.13104,-28.87575,STIS,G230L;G430L,False,True,EXT-STAR;SUPERNOVA TYPE IA
PTF11DIJ,2,207.74082,26.27858,STIS,G230L,False,True,STAR;SUPERNOVA
09DNP,1,229.8518,49.499,STIS,G430L,False,False,EXT-STAR;SUPERNOVA TYPE IA
PS15DPQ-AS-OFFSET,1,47.30307,27.52133,STIS,G230L,False,True,EXT-STAR;SUPERNOVA TYPE IA
SN2010XXXX,1,70.035,7.35,STIS,G430L,False,False,EXT-STAR;SUPERNOVA TYPE IA
10YUX,1,351.05573,7.22861,STIS,G430L,False,False,EXT-STAR;SUPERNOVA TYPE IA
10XYT,1,349.76016,13.79065,STIS,G430L,False,False,EXT-STAR;SUPERNOVA TYPE IA
SN2010JU,1,85.48329,18.4975,STIS,G430L,False,False,EXT-STAR;SUPERNOVA TYPE IA
10ACDH,1,145.78158,9.65874,STIS,G430L,False,False,EXT-STAR;SUPERNOVA TYPE IA
10WOF,1,353.17445,15.35884,STIS,G430L,False,False,EXT-STAR;SUPERNOVA TYPE IA
10UFJ,1,36.41339,24.76478,STIS,G430L,False,False,EXT-STAR;SUPERNOVA TYPE IA
10OPS,1,326.88944,5.85842,STIS,G430L,False,False,STAR;SUPERNOVA TYPE IA
10PDF,1,201.12905,42.08903,STIS,G430L,False,False,STAR;SUPERNOVA TYPE IA
10QJL,1,249.99753,12.10717,STIS,G430L,False,False,STAR;SUPERNOVA TYPE IA
10QYX,1,36.79999,-4.53481,STIS,G430L,False,False,STAR;SUPERNOVA TYPE IA
10ZDK,1,33.53064,23.63072,STIS,G430L,False,False,EXT-STAR;SUPERNOVA TYPE IA
10WNM,1,5.51504,27.04065,STIS,G430L,False,False,EXT-STAR;SUPERNOVA TYPE IA
10TCE,1,349.79324,9.19838,STIS,G430L,False,False,STAR;SUPERNOVA TYPE IA
10HDV,1,181.93904,41.49108,STIS,G430L,False,False,EXT-STAR;SUPERNOVA TYPE IA
10NDC,1,259.95924,28.69929,STIS,G430L,False,False,EXT-STAR;SUPERNOVA TYPE IA
10HMV,1,182.88863,47.2749,STIS,G430L,False,False,STAR;SUPERNOVA TYPE IA
10BJS,1,195.29686,53.81597,STIS,G430L,False,False,EXT-STAR;SUPERNOVA TYPE IA
09FOZ,1,10.54883,-9.88124,STIS,G430L,False,False,EXT-STAR;SUPERNOVA TYPE IA
10FPS,1,202.35462,11.79623,STIS,G430L,False,False,EXT-STAR;SUPERNOVA TYPE IA
10MWB,1,259.45828,40.88121,STIS,G430L,False,False,EXT-STAR;SUPERNOVA TYPE IA
SN2009LE,1,32.32153,-23.41235,STIS,G430L,False,False,EXT-STAR;SUPERNOVA TYPE IA
10NLG,1,252.6437,60.27634,STIS,G430L,False,False,EXT-STAR;SUPERNOVA TYPE IA
10ICB,1,193.70508,58.88188,STIS,G430L,False,False,EXT-STAR;SUPERNOVA TYPE IA
09FOX,1,350.20004,32.50239,STIS,G430L,False,False,EXT-STAR;SUPERNOVA TYPE IA
09DLC,1,326.62543,6.41923,STIS,G430L,False,False,EXT-STAR;SUPERNOVA TYPE IA
09DNL,1,260.92418,30.49707,STIS,G430L,False,False,EXT-STAR;SUPERNOVA TYPE IA
10QJQ,1,256.8017,35.50983,STIS,G430L,False,False,STAR;SUPERNOVA TYPE IA
10OSN,1,350.78352,17.50819,STIS,G430L,False,False,EXT-STAR;SUPERNOVA TYPE IA
E0102-HOTSPOT,1,16.00858,-72.03203,COS,G140L,False,True,STAR;M V-IV;SUPERNOVA
