target,ra,dec,n_spec,instruments,t_min,t_max,match_sep_arcsec,in_catalog
SN 1992bd,41.57889836463666,-30.274862189425,1,STIS,51947.33386667,59612.4976818,38629.849628427844,False
SN 2003fh,215.39957506911665,52.52733670536518,1,STIS,59571.02057463,59571.04711399,11572.9905814718,False
SNR G123.1+04.6,13.296678751773332,67.50066407096833,1,STIS,59155.41361345,59157.54016419,86751.6120647103,False
SN 1895B,204.9833301463769,-31.642091984057974,1,COS,55380.19875921,58606.71792846,18848.232386518568,False
2CXO J133701.1-295152,204.25217699540227,-29.866381200000003,3,"COS,STIS",55414.22412958,58228.84514292,18782.80620754193,False
ASASSN -17jz,259.9827081666667,41.680404777777774,1,STIS,58015.60754888,58061.855687,3207.8773292072883,False
iPTF16fnl,7.48767,32.89375,1,STIS,57639.37386649,57639.4306489,21949.378181852997,False
N103B-KNOT,77.2438375,-68.72556666667,1,COS,57419.43233486,57419.45941838,6109.440279625852,False
ASASSN -15oi,309.78808443749995,-30.755679444444446,1,STIS,57303.52338364,57303.81178642,64210.91985598284,False
PTF 15af,132.11723801191667,22.05929748745389,1,STIS,57089.05016035,57089.33872535,31677.282970013122,False
CYG-P7-1,313.68055416665004,32.26575833333,4,COS,56042.73019967,56972.50434481,67272.60690067822,False
SN 2017jdx,11.98441875,22.37305416666667,1,COS,56624.5096059,56624.52422405,20313.887137240738,False
[JSR2018] psc040139,214.29126875,53.08660972222222,1,COS,55855.26658459,55855.29354071,8446.364953328182,False
SN 1947A,154.14217804756169,21.12291671485889,1,STIS,52814.95319715,52815.02455141,33371.83298830796,False
SN 2003dh,161.20834027777778,21.52167037037037,1,STIS,52750.33561618,52750.34302359,56324.520504957494,False
[CLT2004] NGC 5996 1,236.7453915728833,17.884311925437224,1,STIS,52695.70476824,52695.86355296,3258.435728853038,False
CYGLOOP-NENRS,313.9433333333,31.98161111111,1,STIS,52417.70810874,52417.93501846,67151.84127193263,False
SN 2000fs,47.10921625010416,4.110875108444445,1,STIS,51793.91129424,51793.93129424,41671.9914029342,False
SN 2004gt,180.459939,-18.87035955555556,1,STIS,51350.42830098,51350.51508358,25365.513441594292,False
