sn,grating,phase,ion,lam,logN_aod,logN_aod_err,status,flag,sig,blend,npix
SN2009IP,G130M,1167.0,Si II,1190.416,13.921,,upper,<,-1.2,,121
SN2009IP,G130M,1167.0,Si II,1193.29,13.637,,upper,<,1.7,,121
SN2009IP,G130M,1167.0,N I,1199.55,14.244,,upper,<,-4.1,,121
SN2009IP,G130M,1167.0,N I,1200.223,14.441,,upper,<,-0.7,,121
SN2009IP,G130M,1167.0,N I,1200.71,14.751,,upper,<,-2.5,,121
SN2009IP,G130M,1167.0,S II,1250.584,15.644,,upper,<,-5.1,,126
SN2009IP,G130M,1167.0,S II,1253.811,15.331,,upper,<,-8.7,,126
SN2009IP,G130M,1167.0,S II,1259.517,15.149,,upper,<,-3.0,yes,127
SN2009IP,G130M,1167.0,Si II,1260.422,13.258,,upper,<,-2.1,yes,128
SN2009IP,G130M,1167.0,O I,1302.168,14.649,,upper,<,-4.4,,131
SN2009IP,G130M,1167.0,Si II,1304.37,14.375,,upper,<,-1.7,yes,132
SN2009IP,G130M,1167.0,C II,1334.532,14.152,,upper,<,2.2,,134
SN2009IP,G160M,1167.0,Si II,1526.707,14.147,,upper,<,-2.7,,125
SN2009IP,G160M,1167.0,Fe II,1608.451,14.4,,upper,<,-13.8,,132
SN2009IP,G160M,1167.0,Fe II,1611.2,16.038,,upper,<,-10.1,,132
SN2009IP,G160M,1167.0,Al II,1670.787,12.922,,upper,<,-10.7,,137
SN2009IP,G160M,1167.0,Ni II,1751.91,14.704,,upper,<,-9.8,,145
SN2010JL,G130M,19.0,Si II,1190.416,13.695,,upper,<,-5.5,,121
SN2010JL,G130M,19.0,Si II,1193.29,14.206,0.278,saturated,>,12.8,,121
SN2010JL,G130M,19.0,N I,1199.55,14.218,,upper,<,-0.1,,122
SN2010JL,G130M,19.0,N I,1200.223,14.297,,upper,<,1.1,,68
SN2010JL,G130M,19.0,N I,1200.71,14.336,,upper,<,0.4,,19
SN2010JL,G130M,19.0,S II,1250.584,15.623,,upper,<,-1.0,,86
SN2010JL,G130M,19.0,S II,1253.811,14.977,,upper,<,1.1,,127
SN2010JL,G130M,19.0,S II,1259.517,15.981,0.09,saturated,>,24.1,yes,128
SN2010JL,G130M,19.0,Si II,1260.422,13.059,,upper,<,-1.6,yes,128
SN2010JL,G130M,19.0,O I,1302.168,14.386,,upper,<,-15.9,,132
SN2010JL,G130M,19.0,Si II,1304.37,14.071,,upper,<,-4.6,yes,132
SN2010JL,G130M,19.0,C II,1334.532,14.451,0.672,saturated,>,6.6,,136
SN2010JL,G160M,19.0,Si II,1526.707,13.963,,upper,<,-0.6,,126
SN2010JL,G160M,19.0,Fe II,1608.451,14.37,,upper,<,0.9,,133
SN2010JL,G160M,19.0,Fe II,1611.2,16.031,,upper,<,1.9,,133
SN2010JL,G160M,19.0,Al II,1670.787,12.914,,upper,<,0.5,,138
SN2010JL,G160M,19.0,Ni II,1751.91,14.472,,upper,<,-4.8,,144
SN2010JL,G130M,82.0,Si II,1190.416,13.653,,upper,<,-5.3,,121
SN2010JL,G130M,82.0,Si II,1193.29,14.204,0.274,saturated,>,13.2,,121
SN2010JL,G130M,82.0,N I,1199.55,14.161,,upper,<,1.5,,122
SN2010JL,G130M,82.0,N I,1200.223,14.483,0.674,saturated,>,5.0,,69
SN2010JL,G130M,82.0,N I,1200.71,14.314,,upper,<,0.0,,19
SN2010JL,G130M,82.0,S II,1250.584,15.636,,upper,<,0.3,,83
SN2010JL,G130M,82.0,S II,1253.811,14.914,,upper,<,1.8,,127
SN2010JL,G130M,82.0,S II,1259.517,16.0,0.09,saturated,>,25.9,yes,128
SN2010JL,G130M,82.0,Si II,1260.422,13.049,,upper,<,-0.9,yes,128
SN2010JL,G130M,82.0,O I,1302.168,14.113,,upper,<,-34.4,,132
SN2010JL,G130M,82.0,Si II,1304.37,13.855,,upper,<,-4.9,yes,132
SN2010JL,G130M,82.0,C II,1334.532,14.37,0.67,saturated,>,8.4,,136
SN2010JL,G160M,82.0,Si II,1526.707,13.721,,upper,<,-0.7,,126
SN2010JL,G160M,82.0,Fe II,1608.451,14.258,,upper,<,1.5,,133
SN2010JL,G160M,82.0,Fe II,1611.2,15.807,,upper,<,1.4,,133
SN2010JL,G160M,82.0,Al II,1670.787,12.87,,upper,<,1.0,,138
SN2010JL,G160M,82.0,Ni II,1751.91,14.43,,upper,<,-7.2,,144
SN2010JL,G130M,595.0,Si II,1190.416,13.718,,upper,<,-0.7,,121
SN2010JL,G130M,595.0,Si II,1193.29,14.348,0.154,saturated,>,17.4,,121
SN2010JL,G130M,595.0,N I,1199.55,14.09,,upper,<,2.1,,122
SN2010JL,G130M,595.0,N I,1200.223,14.12,,upper,<,0.2,,69
SN2010JL,G130M,595.0,N I,1200.71,14.177,,upper,<,-1.2,,19
SN2010JL,G130M,595.0,S II,1250.584,15.266,0.806,detected,,3.7,,127
SN2010JL,G130M,595.0,S II,1253.811,14.897,,upper,<,1.5,,127
SN2010JL,G130M,595.0,S II,1259.517,15.933,0.089,saturated,>,20.4,yes,128
SN2010JL,G130M,595.0,Si II,1260.422,13.037,,upper,<,-0.7,yes,128
SN2010JL,G130M,595.0,O I,1302.168,14.269,,upper,<,-18.1,,132
SN2010JL,G130M,595.0,Si II,1304.37,13.949,,upper,<,-3.0,yes,132
SN2010JL,G130M,595.0,C II,1334.532,14.297,0.819,saturated,>,5.4,,135
SN2010JL,G160M,595.0,Si II,1526.707,14.051,,upper,<,3.0,,126
SN2010JL,G160M,595.0,Fe II,1608.451,14.47,,upper,<,-0.1,,133
SN2010JL,G160M,595.0,Fe II,1611.2,16.088,,upper,<,1.0,,133
SN2010JL,G160M,595.0,Al II,1670.787,12.961,,upper,<,-3.1,,138
SN2010JL,G160M,595.0,Ni II,1751.91,14.703,,upper,<,-4.2,,145
TESS-SN,G130M,5.0,O I,1302.168,14.493,,upper,<,-46.7,,132
TESS-SN,G130M,5.0,Si II,1304.37,14.24,,upper,<,-39.0,yes,132
TESS-SN,G130M,5.0,C II,1334.532,14.04,,upper,<,-39.3,,135
TESS-SN,G160M,5.0,Fe II,1611.2,15.649,,upper,<,-252.0,,133
ZTF21ACKXDOS,G130M,159.0,Si II,1190.416,13.963,0.725,saturated,>,3.7,,122
ZTF21ACKXDOS,G130M,159.0,N I,1199.55,14.282,0.618,saturated,>,4.7,,122
ZTF21ACKXDOS,G130M,159.0,N I,1200.223,14.204,,upper,<,1.2,,122
ZTF21ACKXDOS,G130M,159.0,N I,1200.71,14.479,,upper,<,-0.8,,123
ZTF21ACKXDOS,G130M,159.0,S II,1250.584,15.564,,upper,<,0.7,,128
ZTF21ACKXDOS,G130M,159.0,O I,1302.168,14.653,0.755,saturated,>,3.8,,133
ZTF21ACKXDOS,G130M,159.0,Si II,1304.37,14.269,,upper,<,1.9,yes,133
ZTF21ACKXDOS,G130M,159.0,C II,1334.532,14.672,0.266,saturated,>,10.1,,137
ZTF21ACKXDOS,G160M,159.0,Si II,1526.707,14.226,0.9,saturated,>,3.7,,127
ZTF21ACKXDOS,G160M,159.0,Fe II,1608.451,14.47,,upper,<,-2.1,,134
ZTF21ACKXDOS,G160M,159.0,Fe II,1611.2,16.088,,upper,<,-1.9,,134
ZTF21ACKXDOS,G160M,159.0,Al II,1670.787,12.942,,upper,<,1.8,,139
