sn,grating,phase,z,b,b_err,logN_FeII,logN_FeII_err,n_fe,fe_snr,anchored,adopted,logN_FeII_adopted,logN_FeII_adopted_err,b_adopted,n_epochs_adopted,logN_HI,logN_HI_src,FeH_gas
ASASSN14LP,G230L,6.0,0.0051,65.5,62.3,15.133,1.324,3,4.8,no,,,,,,,,
ASASSN14LP,G230L,20.0,0.0051,87.5,19.7,15.759,0.91,3,6.4,no,,,,,,,,
AT2021J,G230L,19.0,0.002445,65.7,26.8,16.283,2.184,4,3.7,no,,,,,,,,
AT2022ACKO,G230L,4.0,0.0053,18.7,5.0,15.016,1.169,5,4.2,no,,,,,,,,
AT2023IUC,G230L,13.0,0.07676,57.3,21.7,16.591,1.977,5,3.1,no,,,,,,,,
PTF11KLY,G230LB,10.0,0.000804,86.2,3.0,14.99,0.046,5,15.2,yes,,,,,,,,
PTF11KLY,G230LB,14.0,0.000804,80.4,10.5,15.102,0.348,7,14.5,yes,,,,,,,,
PTF11KLY,G230LB,17.0,0.000804,74.4,2.5,14.868,0.032,5,23.3,yes,,,,,,,,
PTF11KLY,G230LB,27.0,0.000804,56.2,4.7,14.924,0.097,5,10.5,yes,,,,,,,,
PTF11KLY,G230L,4.0,0.000804,83.0,23.9,14.827,1.174,5,3.5,yes,,,,,,,,
PTF11KLY,G230L,7.0,0.000804,77.5,13.9,15.27,1.279,5,7.6,yes,,,,,,,,
PTF11KLY,G230L,27.0,0.000804,46.5,3.9,14.797,0.089,5,10.1,yes,,,,,,,,
PTF11KLY,G230L,38.0,0.000804,54.1,3.6,14.87,0.069,5,10.1,yes,,,,,,,,
PTF11KLY,G230L,44.0,0.000804,51.4,3.8,14.865,0.077,5,11.8,yes,,,,,,,,
PTF11KLY,G230L,58.0,0.000804,64.8,5.6,14.686,0.063,5,8.9,yes,,,,,,,,
PTF12ENA,G230LB,26.0,0.0166,198.4,42.0,15.687,1.156,3,5.7,yes,,,,,,,,
SN1993J-STIS,G230L,1792.0,0.000113,62.5,16.4,15.62,1.803,5,3.8,no,,,,,,,,
SN1998S,G230L,14.0,0.002729,34.3,5.2,16.906,0.935,5,11.0,no,,,,,,,,
SN1998S,G230L,29.0,0.002729,70.3,3.8,15.538,0.108,7,6.6,yes,yes,15.538,0.108,70.3,1,20.33,ism_columns (curated),-0.29
SN1999EM,G230L,8.0,0.002,56.6,81.9,14.821,1.746,3,6.8,no,,,,,,,,
SN2010AL,G230LB,16.0,0.017,62.1,13.0,15.699,0.459,6,9.0,yes,,,,,,,,
SN2010JL,G230LB,9.0,0.011,28.2,3.7,16.115,0.345,7,2.7,yes,,,,,,,,
SN2010JL,G230LB,19.0,0.011,30.0,7.4,16.064,0.757,4,3.3,no,,,,,,,,
SN2010JL,G230LB,82.0,0.011,19.4,7.6,17.293,1.629,5,2.8,no,,,,,,,,
SN2012CG,G230LB,18.0,0.001,90.5,23.0,15.28,1.808,4,5.0,yes,,,,,,,,
SN2012CG,G230LB,32.0,0.001,44.5,66.4,16.603,2.543,3,2.8,no,,,,,,,,
SN2013DY,G230L,39.0,0.004,83.7,120.2,15.482,2.183,3,2.4,no,,,,,,,,
SN2017CBV,G230L,20.0,0.004,53.6,13.2,16.746,1.466,4,5.8,no,,,,,,,,
SN2017EGM,G230L,30.0,0.031,65.7,2.3,14.905,0.034,5,16.2,yes,yes,14.905,0.034,65.7,1,19.7,ism_columns (curated),-0.29
SN2018BSZ,G230L,40.0,0.027,46.2,20.2,15.689,1.901,4,4.7,no,,,,,,,,
SN2021YJA,G230LB,13.0,0.005307,11.6,6.3,15.85,2.201,4,3.6,no,,,,,,,,
SN2022HRS-HV,G230L,21.0,0.0047,71.0,11.3,15.114,0.364,3,6.3,no,,,,,,,,
SN2022WSP,G230L,9.0,0.007318,48.4,2.3,15.133,0.103,6,11.2,yes,mean(2),14.93,0.203,53.7,2,,,
SN2022WSP,G230L,19.0,0.007318,59.0,14.2,14.726,0.249,5,4.2,yes,,,,,,,,
SN2023IXF,G230LB,14.0,0.00087,73.4,1.5,15.255,0.03,7,18.7,yes,,,,,,,,
SN2023IXF,G230LB,20.0,0.00087,71.6,2.2,15.078,0.043,7,22.1,yes,mean(3),15.149,0.094,71.3,3,20.83,ism_columns (curated),-1.18
SN2023IXF,G230LB,25.0,0.00087,69.0,2.8,15.114,0.051,5,14.5,yes,,,,,,,,
SN2023IXF,G230L,314.0,0.00087,63.4,17.1,16.04,0.615,6,4.9,yes,,,,,,,,
SN2023IXF,G230L,723.0,0.00087,52.7,14.7,15.49,1.209,4,4.1,no,,,,,,,,
SN2023IXF,G230L,1094.0,0.00087,84.4,29.2,15.382,1.611,4,2.8,no,,,,,,,,
SN2025BCO,G230LB,5.0,0.036,58.0,14.9,16.339,1.063,5,4.4,no,,,,,,,,
SNNGC4414,G230L,19.0,0.002388,28.6,5.4,17.112,1.431,6,4.4,no,,,,,,,,
