sn,sn_type,grating,phase,logN_HI,logN_HI_syst_vabs,backlight_flux_e15,rms_resid,generated
AT-2023TSV,,G140L,8.0,20.008,0.244,0.372,0.2668,2026-09-08
AT2022ACKO,SN II,G140L,4.0,20.93,0.29,1.701,0.144,2026-09-08
AT2023IUC,SN Ibn,G140L,9.0,22.348,0.082,0.142,0.1181,2026-09-08
AT2024WPP,SN,G140L,20.0,20.769,0.024,0.785,0.0931,2026-09-08
GAIA16APD,SLSN-I,G140L,16.0,20.447,0.065,1.132,0.1264,2026-09-08
SN1998S,SN IIn,G140L,14.0,20.209,0.258,61.228,0.1488,2026-09-08
SN1999EM,SN II,G140L,8.0,20.615,0.858,0.371,0.1531,2026-09-08
SN2017EGM,SLSN-I,G140L,30.0,19.668,0.068,5.412,0.1428,2026-09-08
SN2018BSZ,SN II,G140L,40.0,20.713,0.271,0.119,0.1487,2026-09-08
SN2025TIS,SN II,G140L,3.0,20.953,0.092,15.056,0.1186,2026-09-08
SN2026AYT,SN II,G140L,6.0,21.412,0.135,2.635,0.1172,2026-09-08
ZTF21AAKILYD,SN Icn,G140L,7.0,19.224,0.321,0.235,0.1512,2026-09-08
