name,canonical,ra,dec,z,z_source,ebv,host_ebv,host_ebv_err,host_ebv_src,otype,host,instr,gratings,n_spec,n_merged,is_remnant,has_uv,classification,tns_name,tns_type,tns_z,tns_disc_date,tns_disc_mjd,flags
LMC-SN1987A-STIS-2,SN 1987A,83.86735,-69.26968,0.0009,simbad,2.4925,0.1,,"Walker&Suntzeff 1990 / Fitzpatrick&Walborn 1990 (LMC component; total ~0.16 - MW ~0.06); NOTE resolved remnant, flux aperture-dependent (flux_scale_outlier)",SN*,,STIS,G140L;G140M;G230L;G430L;G430M;G750L;G750M,203,1,False,True,EXT-STAR;SUPERNOVA TYPE II,SN 1987A,SN IIP,,1987-02-24 00:00:00.000,46850.0,name_unresolved
SN2023IXF,SN 2023ixf,210.91065,54.31169,0.00087,ned,0.0089,0.031,,Bostroem+2024 ApJL 973 L47 (host term; SED/interaction),SN*,,COS;STIS,G140L;G230L;G230LB;G430L;G750L;G750M,133,1,False,True,EXT-STAR;SUPERNOVA TYPE II,SN 2023ixf,SN II,0.0008,2023-05-19 17:27:15.000,60083.727,none
SN2010JL,SN 2010jl,145.72221,9.49503,0.011,ned,0.0272,0.031,,Fransson+2014 ApJ 797 118 (total 0.058 - MW 0.027),SN*,,COS;STIS,G130M;G140L;G160M;G230L;G230LB;G430L,72,1,False,True,STAR;SUPERNOVA;SUPERNOVA TYPE II,SN 2010jl,SN IIn,0.0107,2010-11-03 00:00:00.000,55503.0,none
PTF11KLY,SN 2011fe,210.77422,54.27371,0.000804,ned,0.0089,0.014,0.002,Patat+2013 A&A 549 A62 (SN2011fe; Na I D EW),SN*,,STIS,G140L;G230L;G230LB;G430L;G750L,64,2,False,True,EXT-STAR;SUPERNOVA TYPE IA,SN 2011fe,SN Ia,,2011-08-24 00:00:00.000,55797.0,none
SNNGC4414,SN 2013df,186.62188,31.22718,0.002388,simbad,0.0195,0.0,,none (MW-only),SN*,,STIS,G230L;G430L;G750L,45,2,False,True,STAR;SUPERNOVA TYPE IB,SN 2013df,SN II,,2013-06-07 00:00:00.000,56450.0,name_unresolved
M82-SN,SN 2014J,148.92522,69.67397,0.00068,simbad,0.1579,0.0,,none (MW-only),SN*,,STIS,G230L;G430L;G750L,45,1,False,True,STAR;SUPERNOVA TYPE IA,SN 2014J,SN Ia,,2014-01-21 00:00:00.000,56678.0,name_unresolved
PTF12GZK,LSQ 12dwl,333.17304,0.51197,0.014,ned,0.0499,0.0,,none (MW-only),SN*,,STIS,G230L;G430L;G750L,36,1,False,True,STAR;SUPERNOVA,,,,2012-07-24,56132.0,none
SN1998S,SN 1998S,176.52575,47.48208,0.002729,ned,0.0235,0.128,0.035,Shivvers+2015 ApJ 806 213 (resolved Na I D HIRES + Poznanski+2012; host),SN*,,STIS,E230M;G140L;G230L;G430L,34,1,False,True,EXT-STAR;SUPERNOVA TYPE II,SN 1998S,SN IIn,0.003,1998-03-02 00:00:00.000,50874.0,none
ASASSN14LP,ASASSN -14lp,191.28792,-0.45903,0.0051,simbad,0.0248,0.0,,none (MW-only),SN*,,STIS,G230L;G430L;G750L,32,1,False,True,EXT-STAR;SUPERNOVA TYPE IA,,,,2014-12-09,57000.0,name_unresolved
SN-2005IP,SN 2005ip,143.02675,8.44567,0.007,ned,0.0469,0.0,,Smith+2009 / Fox+2020 (total 0.047 = MW 0.047; negligible host),SN*,,STIS,G140L;G230L,32,1,False,True,EXT-STAR;SUPERNOVA;SUPERNOVA TYPE II,SN 2005ip,SN IIn,0.0072,2005-11-05 00:00:00.000,53679.0,none
SN2013DY,SN 2013dy,334.57333,40.56932,0.004,ned,0.1535,0.0,,none (MW-only),SN*,,STIS,G230L;G430L;G750L,32,1,False,True,EXT-STAR;SUPERNOVA TYPE IA,SN 2013dy,SN Ia,0.0039,2013-07-10 00:00:00.000,56483.0,none
PSN07,SN 2015F,114.066,-69.50686,0.0049,simbad,0.2034,0.0,,none (MW-only),SN*,,STIS,G230L;G430L;G750L,32,1,False,True,EXT-STAR;SUPERNOVA TYPE IA,SN 2015F,SN Ia,,2015-03-09 00:00:00.000,57090.0,name_unresolved
TESS-SN,SN 2020fqv,189.13861,11.23168,0.007522,simbad,0.0323,0.52,0.01,Tinyanont+2022 (SN2020fqv; blackbody fit to day-4 STIS+optical),SN*,,COS;STIS,G130M;G160M;G230L;G230LB;G430L,30,1,False,True,STAR;SUPERNOVA,SN 2020fqv,SN IIb,0.007522,2020-03-31 08:06:55.002,58939.338,name_unresolved
SN2022HRS-HV,SN 2022hrs,190.89312,11.57667,0.0047,simbad,0.0263,0.0,,none (MW-only),SN*,,STIS,G230L;G430L;G750L,28,1,False,True,EXT-STAR;SUPERNOVA TYPE IA,SN 2022hrs,SN Ia,0.0047,2022-04-16 14:50:40.000,59685.619,none
PSNJ0338,SN 2011iv,54.71365,-35.59216,0.006494,simbad,0.0113,0.0,,none (MW-only),SN*,,STIS,G230L;G430L;G750L,24,1,False,True,EXT-STAR;SUPERNOVA TYPE IA,SN 2011iv,SN Ia,,2011-12-02 00:00:00.000,55897.0,name_unresolved
SN2009IP,SN 2009ip,335.78446,-28.94789,0.006,ned,0.0182,0.0,,Margutti+2014 ApJ 780 21 (MW-only adopted; no host),s*b,,COS;STIS,G130M;G140L;G160M;G230L;G230LB;G430L;G750L,24,1,False,True,EXT-STAR;SUPERNOVA,SN 2009ip,SN IIn,0.0059,2009-08-26 00:00:00.000,55069.0,none
SN2026AYT,,141.84746,-32.00858,0.0036,tns,0.1299,0.0,,none (MW-only),,,STIS,G140L;G230L;G430L,24,1,False,True,EXT-STAR;SUPERNOVA TYPE II,SN 2026ayt,SN II,0.0036,2026-01-20 21:47:13.920,61060.908,name_unresolved
ZTF21AAABWZX,SN 2020aekp,235.79745,17.8131,0.046,simbad,0.0325,0.0,,none (MW-only),SN*,,STIS,G140L;G230L,24,1,False,True,EXT-STAR;SUPERNOVA;SUPERNOVA TYPE IA,SN 2020aekp,SN Ia-CSM,0.046,2020-12-27 21:44:38.400,59210.906,none
SN2002AP,SN 2002ap,24.09946,15.75367,0.002,ned,0.0716,0.008,0.002,Takada-Hidai+2002 PASJ 54 899 (Na I D at M74 velocity),SN*,,STIS,G140L;G230L;G230LB;G430L,23,1,False,True,EXT-STAR;SUPERNOVA TYPE II,SN 2002ap,SN Ic,,2002-01-29 00:00:00.000,52303.0,none
SN2021YJA,SN 2021yja,51.08823,-21.56562,0.005307,ned,0.0222,0.07,0.02,Vasylyev+2022 ApJ 934 134 (total 0.07); Hosseinzadeh+2022 (host 0.085),SN*,,STIS,G230LB;G430L;G750L,23,1,False,True,EXT-STAR;SUPERNOVA,SN 2021yja,SN IIP,0.0053,2021-09-08 13:12:00.000,59465.55,none
SN2022WSP,SN 2022wsp,345.01474,15.97851,0.007318,simbad,0.0562,0.0,,none (MW-only),SN*,,STIS,G230L;G430L;G750L,22,1,False,True,EXT-STAR;SUPERNOVA,SN 2022wsp,SN II,0.007318,2022-10-02 23:59:19.392,59855.0,none
PSN2037+6607,SN 2015G,309.35667,66.11995,0.0,none,0.3698,0.06,,Vinko&Csak / Konyves-Toth+2026 A&A (SN2015G in NGC 6951; host from high-res spectra; total 0.38 - MW 0.32),SN*,,STIS,G230L;G430L;G750L,22,1,False,True,EXT-STAR;SUPERNOVA,SN 2015G,SN Ibn,,2015-03-23 00:00:00.000,57104.0,"name_unresolved,no_z"
SN1993J-STIS,SN 1993J,148.85426,69.0205,0.000113,ned,0.0802,0.11,0.09,Richardson+2006 AJ 131 2233 / Richmond+1994 (Na I D + color; total 0.19 - MW 0.069),SN*,,COS;STIS,G140L;G230L,22,1,False,True,STAR;SUPERNOVA TYPE II,SN 1993J,SN IIb,,1993-03-28 00:00:00.000,49074.0,none
SN1999EM,SN 1999em,70.36275,-2.86269,0.002,ned,0.0403,0.01,,Elmhamdi+2003 MNRAS 338 939 / Leonard+2002 (Na I D EW; host small),SN*,,STIS,E140M;E230M;G140L;G230L;G430L,20,1,False,True,EXT-STAR;SUPERNOVA TYPE II,SN 1999em,SN II,,1999-10-29 00:00:00.000,51480.0,none
SN2017ERP,SN 2017erp,227.31176,-11.33418,0.006,ned,0.1076,0.0,,none (MW-only),SN*,,STIS,G230L;G430L,18,1,False,True,EXT-STAR;SUPERNOVA TYPE IA,SN 2017erp,SN Ia,0.006174,2017-06-13 15:01:28.000,57917.626,none
SN2021FXY,SN 2021fxy,198.2565,-19.51253,0.009,ned,0.095,0.0,,none (MW-only),SN*,,STIS,G230L;G430L,18,1,False,True,EXT-STAR;SUPERNOVA TYPE IA,SN 2021fxy,SN Ia,0.0094,2021-03-17 17:23:37.000,59290.725,none
SN2025TIS,IC 2007,58.84491,-28.15908,0.0050934863682419,simbad,0.0111,0.0,,none (MW-only),EmG,,STIS,G140L;G230L;G430L,17,1,False,True,EXT-STAR;SUPERNOVA;SUPERNOVA TYPE II,SN 2025tis,SN II,0.005,2025-08-07 07:55:42.240,60894.33,name_unresolved
SN2010AL,SN 2010al,123.56629,18.43839,0.017,ned,0.0468,0.017,,Pastorello+2015 MNRAS 449 1921 (Ibn; color; small host),SN*,,COS;STIS,G140L;G230LB;G430L;G750L,14,1,False,True,EXT-STAR;SUPERNOVA;SUPERNOVA TYPE II,SN 2010al,SN I,0.0172,2010-03-13 00:00:00.000,55268.0,none
AT2022ACKO,SN 2022acko,49.91237,-19.39524,0.0053,simbad,0.0302,0.03,,Bostroem+2023 ApJL 953 L18 (SED; MW 0.026 + host 0.03; total 0.05),SN*,,STIS,G140L;G230L,13,1,False,True,EXT-STAR;SUPERNOVA TYPE II,SN 2022acko,SN II,0.005264,2022-12-06 03:52:50.880,59919.162,name_unresolved
SN2013DH,SN 2013dh,232.50454,12.98694,0.013,ned,0.0384,0.0,,none (MW-only),SN*,,STIS,G230L;G430L;G750L,12,1,False,True,STAR;SUPERNOVA TYPE IA,SN 2013dh,SN Ia,,2013-06-12 00:00:00.000,56455.0,none
SNAT2018AGK,SN 2018agk,197.65161,-4.48574,0.026128,tns,0.0335,0.0,,none (MW-only),SN*,,STIS,G230L;G430L;G750L,12,1,False,True,EXT-STAR;SUPERNOVA,SN 2018agk,SN Ia,0.026128,2018-03-10 19:06:06.000,58187.796,name_unresolved
PTF10YGU,SN 2010jn,144.37624,23.15933,0.025047,ned,0.0303,0.0,,none (MW-only),SN*,,STIS,G230LB;G430L,10,1,False,True,EXT-STAR;SUPERNOVA TYPE IA,SN 2010jn,SN Ia,,2010-10-12 00:00:00.000,55481.0,none
SN2002XX,SN 2001ig,344.37788,-41.04053,0.00292,simbad,0.0104,0.0,,none (MW-only),SN*,,STIS,E140M;G230L;G430L,10,1,False,True,STAR;SUPERNOVA,SN 2001ig,SN Ib/c,,2001-12-10 00:00:00.000,52253.0,name_unresolved
SN2001EP,SN 2001ep,74.25108,-4.76117,0.013,ned,0.0452,0.0,,none (MW-only),SN*,,STIS,G140L;G230L;G430L,10,1,False,True,STAR;SUPERNOVA,SN 2001ep,SN Ia,,2001-10-03 00:00:00.000,52185.0,none
SN2014C,SN 2014C,339.2733,34.4089,0.003,ned,0.0909,0.67,0.05,"Milisavljevic+2015 ApJ 815 120 (Na I D EW, Turatto+2003; host; total 0.75)",SN*,,COS;STIS,G140L;G230LB;G430L,10,1,False,True,STAR;SUPERNOVA;SUPERNOVA TYPE IB,SN 2014C,SN Ib,,2014-01-05 00:00:00.000,56662.0,none
SN2001EH,SN 2001eh,24.55042,41.65522,0.037,ned,0.0625,0.0,,none (MW-only),SN*,,STIS,G140L;G230L;G430L,10,1,False,True,EXT-STAR;SUPERNOVA,SN 2001eh,SN Ia,,2001-09-09 00:00:00.000,52161.0,none
SN-MRK1309,SN 2014ad,179.43517,-10.17103,0.0057239598736002,simbad,0.0442,0.0,,none (MW-only),SN*,,STIS,G230L;G430L;G750L,10,1,False,True,STAR;SUPERNOVA;SUPERNOVA TYPE IA,SN 2014ad,SN I,,2014-03-12 00:00:00.000,56728.0,name_unresolved
SN2016CCJ,SN 2016ccj,257.59988,26.3969,0.03,ned,,0.0,,none (MW-only),SN*,,STIS,G230L;G430L,10,1,False,True,EXT-STAR;SUPERNOVA;SUPERNOVA TYPE IA,SN 2016ccj,SN Ia-pec,0.03,2016-05-03 10:04:48.000,57511.42,none
SN2011DH,SN 2011dh,202.52115,47.16977,0.002,ned,0.036,0.04,,Ergon+2014 A&A 562 A17 (total 0.07 - MW 0.031; consistent with 0),SN*,,STIS,G230L;G230LB;G430L;G750L,9,1,False,True,EXT-STAR;SUPERNOVA,SN 2011dh,SN IIP,,2011-06-01 00:00:00.000,55713.0,none
SN2024XRX,Z 481-10,22.70854,25.91596,0.037376,ned,0.1089,0.0,,none (MW-only),G,,STIS,G230LB;G430L;G750L,8,1,False,True,STAR;SUPERNOVA TYPE II,SN 2024xrx,SN II,0.037376,2024-10-10 08:07:31.998,60593.339,name_unresolved
SN2012CG,SN 2012cg,186.80335,9.42028,0.001,ned,0.0208,0.0,,none (MW-only),SN*,,STIS,G230LB;G430L,8,1,False,True,EXT-STAR;SUPERNOVA TYPE IA,SN 2012cg,SN Ia,,2012-05-17 00:00:00.000,56064.0,none
SN2011EK,SN 2011ek,36.45371,18.53333,0.005,ned,0.3552,0.0,,none (MW-only),SN*,,STIS,G230L;G430L,7,1,False,True,EXT-STAR;SUPERNOVA TYPE IA,SN 2011ek,SN Ia,0.01,2011-08-04 00:00:00.000,55777.0,none
SN2011BY,SN 2011by,178.93983,55.32606,0.003,ned,0.0138,0.0,,none (MW-only),SN*,,STIS,G230L;G430L,7,1,False,True,EXT-STAR;SUPERNOVA TYPE IA,SN 2011by,SN Ia,,2011-04-26 00:00:00.000,55677.0,none
AT2020NXT,SN 2020nxt,339.40098,35.00213,0.029,simbad,0.0759,0.0,,Wang+2024a / F25 Ibn sample (SN2020nxt; no Na I D -> host extinction assumed zero/negligible),SN*,,STIS,G140L;G230L,6,1,False,True,STAR;SUPERNOVA TYPE IB,SN 2020nxt,SN Ibn,,2020-07-03 12:53:16.800,59033.537,name_unresolved
PTF12ENA,SN 2012cp,206.75736,33.89303,0.0166,simbad,0.0211,0.0,,none (MW-only),SN*,,STIS,G230LB,6,1,False,True,EXT-STAR;SUPERNOVA TYPE IA,SN 2012cp,SN Ia,,2012-05-23 00:00:00.000,56070.0,none
LSQ15ABL,LSQ 15abl,145.12296,-4.19225,0.087,simbad,0.0433,0.0,,none (MW-only),SN*,,COS;STIS,G140L;G230L,6,1,False,True,EXT-STAR;SUPERNOVA,,,,2015-03-19,57100.0,none
NSNF4,SN 2003bf,122.10975,12.33226,0.0307,simbad,0.0237,0.0,,none (MW-only),SN*,,STIS,G230L;G430L,6,1,False,True,EXT-STAR;SUPERNOVA TYPE IA,SN 2003bf,SN Ia,,2003-02-18 00:00:00.000,52688.0,name_unresolved
AT2025JQJ,2dFGRS TGS065Z247,339.565,-24.90506,0.0808,simbad,0.0238,0.0,,none (MW-only),G,,STIS,G230LB;G430L;G750L,6,1,False,True,STAR;SUPERNOVA,SN 2025jqj,SN Ia,0.0808,2025-05-03 08:54:41.184,60798.371,name_unresolved
SN2025XAZ,NGC  1363,53.70815,-9.84249,0.0324396419794725,simbad,0.0342,0.0,,none (MW-only),Sy1,,STIS,G230LB;G430L;G750L,6,1,False,True,STAR;SUPERNOVA TYPE IA,SN 2025xaz,SN Ia,0.031882,2025-09-07 05:45:19.584,60925.24,name_unresolved
ZTF25ABVBCZT,,53.03325,41.59599,0.014677,tns,0.2695,0.0,,none (MW-only),,,STIS,G230LB;G430L;G750L,6,1,False,True,EXT-STAR;SUPERNOVA,SN 2025ziv,SN II,0.014677,2025-10-01 12:23:35.232,60949.516,name_unresolved
AT-2023TSV,SN 2023tsz,129.37301,-0.04325,0.028,simbad,0.0418,0.0,,none (MW-only),SN*,,STIS,G140L;G230L,6,1,False,True,STAR;SUPERNOVA,AT 2023tsv,,,2023-09-27 11:43:10.848,60214.488,name_unresolved
SN2025AFCR,,189.67406,7.61047,0.1335,tns,0.0266,0.0,,none (MW-only),,,COS;STIS,G140L;G230L;G430L,6,1,False,True,EXT-STAR;SUPERNOVA,SN 2025afcr,SLSN-I,0.1335,2025-11-24 13:03:28.002,61003.544,name_unresolved
SN-UG8189,SN 2012bm,196.44014,46.46476,0.025068,simbad,0.0119,0.0,,none (MW-only),SN*,2MASS J13054598+4627494,STIS,G230LB,6,1,False,True,EXT-STAR;SUPERNOVA TYPE IA,SN 2012bm,SN Ia,,2012-03-27 00:00:00.000,56013.0,name_unresolved
SN2024GGI,SN 2024ggi,169.59203,-32.83758,0.002196,ned,0.0807,0.084,0.018,Jacobson-Galan+2024a via Chen+2024 (Na I D; MW 0.070 + host = total 0.154),SN*,,STIS,G140L;G230L,6,1,False,True,EXT-STAR;SUPERNOVA;SUPERNOVA TYPE II,SN 2024ggi,SN II,0.002435,2024-04-11 03:22:35.616,60411.141,none
SN-2025SHI,,342.17616,27.58278,0.031952,tns,0.0507,0.0,,none (MW-only),,,STIS,G140L;G230L,6,1,False,True,EXT-STAR;SUPERNOVA,SN 2025shi,SN Ibn,0.031952,2025-07-26 07:44:32.001,60882.323,name_unresolved
SN2012BL,SN 2012bl,305.98041,-48.35472,0.0187,ned,0.0345,0.0,,none (MW-only),SN*,,STIS,G230LB,6,1,False,True,EXT-STAR;SUPERNOVA TYPE IA,SN 2012bl,SN Ia,,2012-03-26 00:00:00.000,56012.0,none
AT2025NQF,,328.32471,-2.23826,0.0,none,0.0973,0.0,,none (MW-only),,,STIS,G230LB;G430L;G750L,6,1,False,True,STAR;SUPERNOVA,AT 2025nqf,,,2025-06-16 03:59:55.968,60842.167,"name_unresolved,no_z"
2025WHV,,350.12721,12.24173,0.11,tns,0.0605,0.0,,none (MW-only),,,STIS,G230LB;G430L;G750L,4,1,False,True,EXT-STAR;SUPERNOVA,SN 2025whv,SLSN-I,0.11,2025-08-28 23:50:06.432,60915.993,name_unresolved
2022MOX,2MASX J13344476+3353253,203.68687,33.88975,0.0236798112422114,simbad,0.0127,0.0,,none (MW-only),GiG,,STIS,G230L;G430L;G750L,4,1,False,True,EXT-STAR;SUPERNOVA TYPE IA,SN 2022mox,SN Ia,0.023199,2022-06-12 07:16:40.999,59742.303,name_unresolved
AT2023IUC,LEDA 3350515,219.73188,2.28726,0.07676,simbad,0.0445,0.0,,none (MW-only),G,,COS;STIS,G140L;G230L,4,1,False,True,STAR;SUPERNOVA,SN 2023iuc,SN Ibn,0.0768,2023-05-18 06:03:46.368,60082.253,name_unresolved
AT2024WPP,SN 2024wpp,40.52285,-16.9564,0.08678,simbad,0.0294,0.0,,none (MW-only),SN*,,COS;STIS,G140L;G230L,4,1,False,True,STAR;SUPERNOVA;X-RAY TRANSIENT,SN 2024wpp,SN,,2024-09-26 08:54:09.000,60579.371,none
SN2024ISS,SN 2024iss,194.77558,28.81185,0.003334,simbad,0.0096,0.0,,none (MW-only),SN*,,STIS,G230LB;G430L;G750L,4,1,False,True,STAR;SUPERNOVA TYPE II,SN 2024iss,SN IIb,0.003334,2024-05-12 21:36:45.792,60442.901,none
AT2021ZFW,SN 2021zfw,322.907,11.83295,0.028837,simbad,0.0775,0.0,,none (MW-only),SN*,,STIS,G230L;G430L;G750L,4,1,False,True,EXT-STAR;SUPERNOVA TYPE IA,SN 2021zfw,SN Ia,0.028,2021-09-22 09:05:45.600,59479.379,name_unresolved
2025NGI,,318.04583,-57.27157,0.01116,tns,0.0518,0.0,,none (MW-only),,,STIS,G230LB;G430L;G750L,4,1,False,True,EXT-STAR;SUPERNOVA,SN 2025ngi,SN II,0.01116,2025-06-12 00:30:12.672,60838.021,name_unresolved
2024TVI,,348.79492,-27.91512,0.03,tns,0.0234,0.0,,none (MW-only),,,STIS,G230LB;G430L;G750L,4,1,False,True,STAR;SUPERNOVA TYPE II,SN 2024tvi,SN IIn,0.03,2024-08-25 07:31:30.996,60547.314,name_unresolved
SN2023GFT,,321.5055,-3.79824,0.0098,tns,0.0604,0.0,,none (MW-only),,,STIS,G230L;G430L;G750L,4,1,False,True,EXT-STAR;SUPERNOVA TYPE IA,SN 2023gft,SN Ia,0.0098,2023-04-20 09:05:40.416,60054.379,name_unresolved
2024RYV,,6.37496,20.24303,0.015,tns,0.0661,0.0,,none (MW-only),,,STIS,G230LB;G430L;G750L,4,1,False,True,STAR;SUPERNOVA TYPE II,SN 2024ryv,SN IIP,0.015,2024-08-11 13:01:12.000,60533.543,name_unresolved
ZTF24ABYMEET,,336.50658,37.60207,0.0263,tns,0.1153,0.0,,none (MW-only),,,STIS,G230LB;G430L;G750L,4,1,False,True,STAR;SUPERNOVA TYPE II,SN 2024aifs,SN IIn,0.0263,2024-12-08 02:20:32.000,60652.098,name_unresolved
SN2024FAQ,,236.124,40.35655,0.026,tns,0.0143,0.0,,none (MW-only),,,STIS,G230LB;G430L;G750L,4,1,False,True,STAR;SUPERNOVA TYPE II,SN 2024faq,SN II,0.026,2024-03-28 10:40:48.000,60397.445,name_unresolved
2025RYZ,,332.18696,-27.8536,0.016201,tns,,0.0,,none (MW-only),,,STIS,G230LB;G430L;G750L,4,1,False,True,EXT-STAR;SUPERNOVA,SN 2025ryz,SN II,0.016201,2025-07-23 03:29:19.968,60879.145,name_unresolved
SN2024PSO,,3.09013,17.79419,0.018,ned,0.0534,0.0,,none (MW-only),,,STIS,G230LB;G430L;G750L,4,1,False,True,STAR;SUPERNOVA TYPE II,SN 2024pso,SN II,0.018,2024-07-18 12:53:58.272,60509.537,name_unresolved
AT2021JAD,SN 2021jad,83.34242,-21.95182,0.0061,simbad,0.0347,0.0,,none (MW-only),SN*,,STIS,G230L;G430L;G750L,4,1,False,True,EXT-STAR;SUPERNOVA TYPE IA,SN 2021jad,SN Ia,0.0055,2021-04-11 05:36:57.600,59315.234,name_unresolved
SN2023BEE,SN 2023bee,134.0485,-3.32553,0.006698,simbad,0.0162,0.0,,none (MW-only),SN*,,STIS,G230L;G430L;G750L,4,1,False,True,EXT-STAR;SUPERNOVA TYPE IA,SN 2023bee,SN Ia,0.006698,2023-02-01 17:59:54.816,59976.75,none
SN2024BCH,SN 2024bch,155.45725,56.9279,0.003839,simbad,0.0144,0.0,,none (MW-only),SN*,,STIS,G230LB;G430L;G750L,4,1,False,True,STAR;SUPERNOVA TYPE II,SN 2024bch,SN II,0.003839,2024-01-29 06:02:50.000,60338.252,none
SN2017CBV,SN 2017cbv,218.14351,-44.13408,0.004,ned,,0.0,,none (MW-only),SN*,,STIS,G230L;G230LB,4,1,False,True,STAR;SUPERNOVA TYPE IA,SN 2017cbv,SN Ia,0.003999,2017-03-10 04:06:14.000,57822.171,none
GAIA16APD,SN 2016eay,180.71543,44.25761,0.1013,ned,0.0153,0.0,,none (MW-only),SN*,,COS;STIS,G140L;G230L,4,1,False,True,EXT-STAR;SUPERNOVA,SN 2016eay,SLSN-I,0.102,2016-05-16 19:09:07.000,57524.798,none
AT2021DOV,SN 2021dov,134.07795,-0.44214,0.012,simbad,0.0348,0.0,,none (MW-only),SN*,,STIS,G230L;G430L;G750L,4,1,False,True,EXT-STAR;SUPERNOVA TYPE IA,SN 2021dov,SN Ia,0.012,2021-02-22 06:36:00.000,59267.275,name_unresolved
ZTF21AAKILYD,SN 2021csp,216.59217,5.85924,0.084,ned,0.0311,0.0,,none (MW-only),SN*,,COS;STIS,G140L;G230L,4,1,False,True,EXT-STAR;SUPERNOVA,SN 2021csp,SN Icn,0.083,2021-02-11 12:12:05.760,59256.508,none
SN2012ET,SN 2012et,355.6617,27.0921,0.025,ned,0.0802,0.0,,none (MW-only),SN*,,STIS,G230LB;G430L,4,1,False,True,EXT-STAR;SUPERNOVA TYPE IA,SN 2012et,SN Ia,,2012-09-12 00:00:00.000,56182.0,none
SN2024ADMM,LEDA 1048314,54.02835,-5.17503,0.016,ned,0.046,0.0,,none (MW-only),G,,STIS,G230LB;G430L;G750L,3,1,False,True,STAR;SUPERNOVA,SN 2024admm,SN II,0.016,2024-12-06 05:58:51.000,60650.249,name_unresolved
SN2011HT,PSN J10081059+5150570,152.04413,51.84922,0.004,ned,0.0089,0.0,,none (MW-only),s*b,,STIS,G140L;G230L;G230M,3,1,False,True,EXT-STAR;SUPERNOVA TYPE II,SN 2011ht,SN IIn,0.0036,2011-09-29 00:00:00.000,55833.0,none
2026OBC,2MFGC 823,16.95594,41.99538,0.037359178662193,simbad,0.0934,0.0,,none (MW-only),G,,STIS,G140L;G230L,3,1,False,True,EXT-STAR;SUPERNOVA,SN 2026obc,SN Icn,0.0195,2026-05-31 11:26:58.001,61191.477,name_unresolved
SN2017EGM,SN 2017egm,154.77342,46.45393,0.031,ned,0.0113,0.007,,Yan+2018 ApJ 858 91 (FUV HST continuum SED; low host),SN*,,COS;STIS,G140L;G230L;G430L,3,1,False,True,EXT-STAR;SUPERNOVA,SN 2017egm,SLSN-I,0.030721,2017-05-23 21:40:19.000,57896.903,none
AT2022EYW,SN 2022eyw,190.99988,62.33008,0.009,simbad,0.0134,0.0,,none (MW-only),SN*,,STIS,G230L;G430L;G750L,3,1,False,True,EXT-STAR;SUPERNOVA TYPE IA,SN 2022eyw,SN Iax[02cx-like],0.009,2022-03-22 11:04:36.192,59660.462,name_unresolved
AT2025SCW,3XMM J011127.5-380500,17.86324,-38.08144,0.01,tns,0.0154,0.0,,none (MW-only),X,,STIS,G230LB;G430L;G750L,3,1,False,True,STAR;SUPERNOVA,SN 2025scw,SN II,0.01,2025-07-24 07:13:35.040,60880.301,name_unresolved
ASASSN-15LH,ASASSN -15lh,330.56425,-61.65964,0.2326,ned,0.0354,0.0,,Dong+2016 Science 351 257 / Brown+2016 (blue SED; negligible host),ev,,COS;STIS,G140L;G230L;G430L,3,1,False,True,EXT-STAR;SUPERNOVA,SN 2015L,SN I,,2015-06-14 00:00:00.000,57187.0,none
SN2025BCO,LEDA 1142503,198.93043,-0.47185,0.036,ned,0.0219,0.0,,none (MW-only),G,,STIS,G230LB;G430L;G750L,3,1,False,True,STAR;SUPERNOVA TYPE II,SN 2025bco,SN II,0.036,2025-02-09 05:57:33.984,60715.248,name_unresolved
SN2018BSZ,SN 2018bsz,242.41296,-32.06267,0.027,simbad,0.2408,0.04,,"Anderson+2018 A&A 620 A67 / Chen+2021 (Na I D, Poznanski+2012; host A_V 0.13)",SN*,,COS;STIS,G140L;G230L,3,1,False,True,EXT-STAR;SUPERNOVA,SN 2018bsz,SN II,0.027,2018-05-17 00:00:00.000,58255.0,none
AT2020UXZ,SN 2020uxz,21.02869,12.92148,0.008246,simbad,0.0385,0.0,,none (MW-only),SN*,,STIS,G230L;G430L;G750L,3,1,False,True,EXT-STAR;SUPERNOVA TYPE IA,SN 2020uxz,SN Ia,0.008246,2020-10-05 13:45:30.000,59127.573,name_unresolved
AT2020YVU,SN 2020yvu,345.24933,40.91063,0.01,simbad,0.112,0.0,,none (MW-only),SN*,,STIS,G230L;G430L;G750L,3,1,False,True,EXT-STAR;SUPERNOVA TYPE IA,SN 2020yvu,SN Ia,0.01,2020-11-04 08:49:55.200,59157.368,name_unresolved
SN2021HIZ,SN 2021hiz,186.42367,7.22839,0.003,ned,0.0257,0.0,,none (MW-only),SN*,,STIS,G230L;G430L;G750L,3,1,False,True,EXT-STAR;SUPERNOVA TYPE IA,SN 2021hiz,SN Ia,0.003319,2021-03-30 08:36:49.003,59303.359,none
SN2025ADJ,,224.93531,51.46305,0.011389,ned,0.0195,0.0,,none (MW-only),,,STIS,G230LB;G430L;G750L,3,1,False,True,STAR;SUPERNOVA;SUPERNOVA TYPE II,SN 2025adj,SN II,0.011389,2025-01-24 14:37:35.616,60699.609,name_unresolved
AT2021J,SN 2021J,186.61263,31.22239,0.002445,simbad,0.0196,0.0,,none (MW-only),SN*,,STIS,G230L;G430L;G750L,3,1,False,True,EXT-STAR;SUPERNOVA TYPE IA,SN 2021J,SN Ia,0.002388,2021-01-01 11:44:04.001,59215.489,none
ZTF21ACKXDOS,SN 2021adxl,177.02896,-12.64494,0.018,simbad,0.0298,0.0,,none (MW-only),SN*,,COS;STIS,G130M;G160M;G230LB,3,1,False,True,STAR;SUPERNOVA TYPE II,SN 2021adxl,SLSN-II,0.018,2021-11-03 12:59:02.400,59521.541,none
NSNF3,SN 2003bt,163.84363,-7.65346,0.0,none,0.0348,0.0,,none (MW-only),SN*,,STIS,G230L;G430L,2,1,False,True,EXT-STAR;SUPERNOVA TYPE IA,SN 2003bt,SN Ia,,2003-03-09 00:00:00.000,52707.0,"name_unresolved,no_z"
NSNF5,SN 2003bu,210.13104,-28.87575,0.0202828790186173,simbad,0.0589,0.0,,none (MW-only),SN*,,STIS,G230L;G430L,2,1,False,True,EXT-STAR;SUPERNOVA TYPE IA,SN 2003bu,SN Ic,,2003-03-11 00:00:00.000,52709.0,name_unresolved
PTF11DIJ,SN 2011ke,207.74082,26.27858,0.1429,ned,0.0118,0.0,,none (MW-only),SN*,,STIS,G230L,2,1,False,True,STAR;SUPERNOVA,SN 2011ke,SN Ic,,2011-04-25 00:00:00.000,55676.0,none
PS15DPQ-AS-OFFSET,SN 2015cp,47.30307,27.52133,0.038,simbad,0.2717,0.0,,none (MW-only),SN*,,STIS,G230L,1,1,False,True,EXT-STAR;SUPERNOVA TYPE IA,SN 2015cp,SN Ia-91T-like,0.0413,2015-12-28 02:27:03.000,57384.102,name_unresolved
