ion,lam,logN,logN_err,status,flag,sig,blend,tau_int,npix
Si II,1190.416,13.653,,upper,<,-5.3,,-73.51,121
Si II,1193.290,14.204,0.274,saturated,>,13.2,,295.25,121
N I,1199.550,14.161,,upper,<,1.5,,30.34,122
N I,1200.223,14.483,0.674,saturated,>,5.0,,84.04,69
N I,1200.710,14.314,,upper,<,0.0,,0.16,19
S II,1250.584,15.636,,upper,<,0.3,,8.78,83
S II,1253.811,14.914,,upper,<,1.8,,18.10,127
S II,1259.517,16.000,0.090,saturated,>,25.9,yes,554.68,128
Si II,1260.422,13.049,,upper,<,-0.9,yes,-12.55,128
O I,1302.168,14.115,,upper,<,-34.0,,-245.05,132
Si II,1304.370,13.855,,upper,<,-4.9,yes,-34.90,132
C II,1334.532,14.366,0.684,saturated,>,8.3,,105.56,136
