ion,lam,logN,logN_err,limit,tau_int,npix
Si II,1190.416,13.243,3.098,>,15.33,17
Si II,1193.290,13.323,1.372,>,38.33,17
N I,1199.550,14.370,0.361,>,98.40,17
N I,1200.223,14.436,0.629,>,75.57,17
N I,1200.710,14.330,1.748,>,29.42,17
S II,1250.584,15.794,0.665,>,124.25,18
S II,1253.811,14.782,3.844,>,24.40,18
S II,1259.517,15.337,0.398,>,132.32,18
O I,1302.168,14.825,0.486,>,120.00,18
Si II,1304.370,13.904,3.011,>,25.74,18
C II,1334.532,14.627,0.311,>,193.50,19
Si II,1526.707,14.231,0.642,>,91.63,22
Fe II,1608.451,14.417,1.508,>,65.94,23
Fe II,1611.200,15.822,2.078,>,39.77,23
Al II,1670.787,11.609,43.500,>,3.19,23
